<?xml version="1.0" encoding="UTF-8"?>
<!DOCTYPE suite SYSTEM "https://testng.org/testng-1.0.dtd" >
<suite name="Suite">
    <test name="Test">
    <groups>
        <run>
            <include name="HeaderTests" />
            <!--<exclude name="HeaderTests" />-->
        </run>
    </groups>
        <classes>
           <class name="Activity04.DemoOne"/>
            <class name="Activity04.DemoTwo"/> 
            <class name="Activity.Activity05"/>
        </classes>
    </test> <!-- Test -->
</suite> <!-- Suite -->